<?xml version="1.0" encoding="ISO-8859-15"?>
<uc-export clientvers="9.00A233-561">
<CONN_CIT client="0100" name="CONN.WS.SFDC_CONTACTS.TEMPLATE" system="AUTOMIC">
<HEADER state="1">
<Title/>
<Created>jenn pm on: 2015-01-13 14:38:29</Created>
<Modified>jenn pm on: 2015-05-16 12:11:38      6 x</Modified>
<LastUsed/>
<ArchiveKey1/>
<ArchiveKey2/>
<OH_SubType/>
</HEADER>
<CONN_CIT state="1">
<citcont agentname="" jobtype="WEBSERVICE" text="REST">
<cit cittype="4" icon="" id="" subtype="RESTCONNECTION" text="REST">
<component con="0" enc="0" type="4" value="None" xmlName="authMethod"/>
<component con="0" enc="0" type="4" value="30" xmlName="connectTimeout"/>
<component con="0" enc="0" type="4" value="true" xmlName="followRedirects"/>
<component con="0" enc="0" type="4" value="Authorization" xmlName="header_0_0"/>
<component con="0" enc="0" type="4" value="OAuth &amp;access_token#" xmlName="header_0_1"/>
<component con="0" enc="0" type="4" value="" xmlName="proxyAuthMethod"/>
<component con="0" enc="2" type="4" value="" xmlName="proxyPassword"/>
<component con="0" enc="0" type="4" value="" xmlName="proxyPort"/>
<component con="0" enc="0" type="4" value="" xmlName="proxyServer"/>
<component con="0" enc="0" type="4" value="None" xmlName="proxyServerType"/>
<component con="0" enc="0" type="4" value="" xmlName="proxyUser"/>
<component con="0" enc="0" type="4" value="Contact" xmlName="resources_0_0"/>
<component con="0" enc="0" type="4" value="/sobjects/Contact" xmlName="resources_0_1"/>
<component con="0" enc="0" type="4" value="Contact/describe" xmlName="resources_1_0"/>
<component con="0" enc="0" type="4" value="/sobjects/Contact/describe" xmlName="resources_1_1"/>
<component con="0" enc="0" type="4" value="Contact/{ID}" xmlName="resources_2_0"/>
<component con="0" enc="0" type="4" value="/sobjects/Contact/&amp;id#" xmlName="resources_2_1"/>
<component con="0" enc="0" type="4" value="Query" xmlName="resources_3_0"/>
<component con="0" enc="0" type="4" value="/query" xmlName="resources_3_1"/>
<component con="0" enc="0" type="4" value="Chatter" xmlName="resources_4_0"/>
<component con="0" enc="0" type="4" value="/chatter" xmlName="resources_4_1"/>
<component con="0" enc="0" type="4" value="Search" xmlName="resources_5_0"/>
<component con="0" enc="0" type="4" value="/search" xmlName="resources_5_1"/>
<component con="0" enc="0" type="4" value="60" xmlName="responseTimeout"/>
<component con="0" enc="0" type="4" value="https://na15.salesforce.com/services/data/v20.0" xmlName="webserviceEndpoint"/>
</cit>
</citcont>
</CONN_CIT>
<DOCU_Docu state="1" type="text">
<DOC/>
</DOCU_Docu>
</CONN_CIT>
<CONN_CIT client="0100" name="CONN.WS.SFDC_TOKEN.TEMPLATE" system="AUTOMIC">
<HEADER state="1">
<Title/>
<Created>jenn pm on: 2015-01-13 13:56:09</Created>
<Modified>jenn pm on: 2015-05-16 12:03:11      4 x</Modified>
<LastUsed/>
<ArchiveKey1/>
<ArchiveKey2/>
<OH_SubType/>
</HEADER>
<CONN_CIT state="1">
<citcont agentname="" jobtype="WEBSERVICE" text="REST">
<cit cittype="4" icon="" id="" subtype="RESTCONNECTION" text="REST">
<component con="0" enc="0" type="4" value="None" xmlName="authMethod"/>
<component con="0" enc="0" type="4" value="30" xmlName="connectTimeout"/>
<component con="0" enc="0" type="4" value="true" xmlName="followRedirects"/>
<component con="0" enc="0" type="4" value="" xmlName="proxyAuthMethod"/>
<component con="0" enc="2" type="4" value="" xmlName="proxyPassword"/>
<component con="0" enc="0" type="4" value="" xmlName="proxyPort"/>
<component con="0" enc="0" type="4" value="" xmlName="proxyServer"/>
<component con="0" enc="0" type="4" value="None" xmlName="proxyServerType"/>
<component con="0" enc="0" type="4" value="" xmlName="proxyUser"/>
<component con="0" enc="0" type="4" value="60" xmlName="responseTimeout"/>
<component con="0" enc="0" type="4" value="https://login.salesforce.com/services/oauth2/token" xmlName="webserviceEndpoint"/>
</cit>
</citcont>
</CONN_CIT>
<DOCU_Docu state="1" type="text">
<DOC/>
</DOCU_Docu>
</CONN_CIT>
<JOBS_CIT AttrType="CIT" client="0100" name="JOBS.WS.REST.SFDC.GET_CONTACT_INFO.TEMPLATE" system="AUTOMIC">
<XHEADER state="1">
<Title>List Contact Info</Title>
<Created>jenn pm on: 2015-01-13 14:40:18</Created>
<Modified>jenn pm on: 2015-05-16 12:08:54      9 x</Modified>
<LastUsed/>
<ArchiveKey1/>
<ArchiveKey2/>
<ExtRepDef>1</ExtRepDef>
<ExtRepAll>0</ExtRepAll>
<ExtRepNone>0</ExtRepNone>
<Active>1</Active>
<OH_SubType/>
</XHEADER>
<OUTPUTREG state="1" tidy="1">
<FileReg/>
</OUTPUTREG>
<SYNCREF state="1">
<Syncs/>
</SYNCREF>
<ATTR_JOBS state="1">
<Queue>CLIENT_QUEUE</Queue>
<StartType/>
<HostDst>CIT|RA_WEBSERVICE_3|HOST</HostDst>
<HostATTR_Type>CIT</HostATTR_Type>
<CodeName/>
<Login/>
<IntAccount/>
<AutoDeactNo>0</AutoDeactNo>
<AutoDeact1ErrorFree>0</AutoDeact1ErrorFree>
<AutoDeactErrorFree>0</AutoDeactErrorFree>
<DeactWhen/>
<DeactDelay>0</DeactDelay>
<AutoDeactAlways>1</AutoDeactAlways>
<AttDialog>0</AttDialog>
<ActAtRun>1</ActAtRun>
<Consumption>0</Consumption>
<UC4Priority>0</UC4Priority>
<MaxParallel2>0</MaxParallel2>
<MpElse1>0</MpElse1>
<MpElse2>0</MpElse2>
<TZ/>
</ATTR_JOBS>
<ATTR_CIT state="1">
<OutputDb>1</OutputDb>
<OutputDbErr>0</OutputDbErr>
<OutputFile>0</OutputFile>
<OptReportPLOG>1</OptReportPLOG>
<RequTaskParams>0</RequTaskParams>
</ATTR_CIT>
<CIT dirty="0" state="2">
<citcont agentname="RA_WEBSERVICE_3" jobtype="WEBSERVICE" text="REST Web Service">
<cit cittype="2" icon="" id="" subtype="REST" text="REST Web Service">
<component con="0" enc="0" type="2" value="" xmlName="connectTimeout"/>
<component con="0" enc="0" type="2" value="" xmlName="curl"/>
<component con="0" enc="0" type="2" value="Authorization" xmlName="header_0_0"/>
<component con="0" enc="0" type="2" value="OAuth &amp;access_token#" xmlName="header_0_1"/>
<component con="0" enc="0" type="2" value="false" xmlName="isCurl"/>
<component con="0" enc="0" type="2" value="true" xmlName="jobHeaders"/>
<component con="0" enc="0" type="2" value="false" xmlName="jobQuery"/>
<component con="0" enc="0" type="2" value="application/x-www-form-urlencoded" xmlName="mediaType"/>
<component con="0" enc="0" type="2" value="GET" xmlName="method"/>
<component con="0" enc="0" type="2" value="false" xmlName="multiPart"/>
<component con="0" enc="0" type="2" value="false" xmlName="multiPartResp"/>
<component con="0" enc="0" type="2" value="application/x-www-form-urlencoded" xmlName="request_part_0_mediaType"/>
<component con="0" enc="0" type="2" value="true" xmlName="requestReports"/>
<component con="0" enc="0" type="2" value="/sobjects/Contact/&amp;id#" xmlName="resource"/>
<component con="0" enc="0" type="2" value="" xmlName="response_part_0_file"/>
<component con="0" enc="0" type="2" value="true" xmlName="responseReport"/>
<component con="0" enc="0" type="2" value="" xmlName="responseTimeout"/>
<component con="0" enc="0" type="2" value="true" xmlName="responseToJobLog"/>
<component con="1" enc="0" type="2" value="CONN.WS.SFDC_CONTACTS.TEMPLATE" xmlName="restConnection"/>
<component con="0" enc="0" type="2" value="" xmlName="showGeneralJobPanel"/>
<component con="0" enc="0" type="2" value="false" xmlName="tracePerformance"/>
<component con="0" enc="0" type="2" value="" xmlName="uriOverride"/>
</cit>
<cit cittype="3" icon="" id="" subtype="GENERALJOBPANELDEF" text="General Job Panel"/>
</citcont>
</CIT>
<RUNTIME state="1">
<MaxRetCode>0</MaxRetCode>
<MrcExecute/>
<MrcElseE>0</MrcElseE>
<FcstStatus>0| </FcstStatus>
<Ert>1</Ert>
<ErtMethodDef>1</ErtMethodDef>
<ErtMethodFix>0</ErtMethodFix>
<ErtFix>0</ErtFix>
<ErtDynMethod>2|Average</ErtDynMethod>
<ErtMethodDyn>0</ErtMethodDyn>
<ErtCnt>0</ErtCnt>
<ErtCorr>0</ErtCorr>
<ErtIgn>0</ErtIgn>
<ErtIgnFlg>0</ErtIgnFlg>
<ErtMinCnt>0</ErtMinCnt>
<MrtMethodNone>1</MrtMethodNone>
<MrtMethodFix>0</MrtMethodFix>
<MrtFix>0</MrtFix>
<MrtMethodErt>0</MrtMethodErt>
<MrtErt>0</MrtErt>
<MrtMethodDate>0</MrtMethodDate>
<MrtDays>0</MrtDays>
<MrtTime>00:00</MrtTime>
<MrtTZ/>
<SrtMethodNone>1</SrtMethodNone>
<SrtMethodFix>0</SrtMethodFix>
<SrtFix>0</SrtFix>
<SrtMethodErt>0</SrtMethodErt>
<SrtErt>0</SrtErt>
<MrtCancel>0</MrtCancel>
<MrtExecute>0</MrtExecute>
<MrtExecuteObj/>
</RUNTIME>
<DYNVALUES state="1">
<dyntree>
<node content="1" id="VALUE" name="Variables" parent="" type="VALUE">
<VALUE state="1">
<Values>
<row Name="&amp;ID#" Value="003i000001jd29v"/>
</Values>
<Mode>0</Mode>
</VALUE>
</node>
</dyntree>
</DYNVALUES>
<ROLLBACK state="1" tidy="1">
<RollbackFlag>0</RollbackFlag>
<CBackupObj/>
<CRollbackObj/>
<FBackupPath/>
<FDeleteBefore>0</FDeleteBefore>
<FInclSubDirs>0</FInclSubDirs>
</ROLLBACK>
<PRE_SCRIPT mode="1" replacementmode="1" state="1" tidy="0">
<PSCRI><![CDATA[:pset &access_token#=get_var(SFDC_TOKEN, "access_token", 1)

:p &access_token#
]]></PSCRI>
</PRE_SCRIPT>
<SCRIPT mode="1" state="1" tidy="1">
<MSCRI/>
</SCRIPT>
<OUTPUTSCAN state="1">
<Inherit>N</Inherit>
<filterobjects/>
<HostFsc/>
<LoginFsc/>
</OUTPUTSCAN>
<POST_SCRIPT mode="1" replacementmode="1" state="1" tidy="1">
<OSCRI/>
</POST_SCRIPT>
<DOCU_Docu state="1" type="text">
<DOC/>
</DOCU_Docu>
<DOCU_Details- state="1" type="xml">
<DOC/>
</DOCU_Details->
</JOBS_CIT>
<JOBS_CIT AttrType="CIT" client="0100" name="JOBS.WS.REST.SFDC.UPDATE_CONTACT_INFO.TITLE.TEMPLATE" system="AUTOMIC">
<XHEADER state="1">
<Title>Update Contact Title</Title>
<Created>jenn pm on: 2015-01-13 14:43:52</Created>
<Modified>jenn pm on: 2015-05-16 12:09:24      9 x</Modified>
<LastUsed/>
<ArchiveKey1/>
<ArchiveKey2/>
<ExtRepDef>1</ExtRepDef>
<ExtRepAll>0</ExtRepAll>
<ExtRepNone>0</ExtRepNone>
<Active>1</Active>
<OH_SubType/>
</XHEADER>
<OUTPUTREG state="1" tidy="1">
<FileReg/>
</OUTPUTREG>
<SYNCREF state="1">
<Syncs/>
</SYNCREF>
<ATTR_JOBS state="1">
<Queue>CLIENT_QUEUE</Queue>
<StartType/>
<HostDst>CIT|RA_WEBSERVICE_3|HOST</HostDst>
<HostATTR_Type>CIT</HostATTR_Type>
<CodeName/>
<Login/>
<IntAccount/>
<AutoDeactNo>0</AutoDeactNo>
<AutoDeact1ErrorFree>0</AutoDeact1ErrorFree>
<AutoDeactErrorFree>0</AutoDeactErrorFree>
<DeactWhen/>
<DeactDelay>0</DeactDelay>
<AutoDeactAlways>1</AutoDeactAlways>
<AttDialog>0</AttDialog>
<ActAtRun>0</ActAtRun>
<Consumption>0</Consumption>
<UC4Priority>0</UC4Priority>
<MaxParallel2>0</MaxParallel2>
<MpElse1>0</MpElse1>
<MpElse2>0</MpElse2>
<TZ/>
</ATTR_JOBS>
<ATTR_CIT state="1">
<OutputDb>1</OutputDb>
<OutputDbErr>0</OutputDbErr>
<OutputFile>0</OutputFile>
<OptReportPLOG>1</OptReportPLOG>
<RequTaskParams>0</RequTaskParams>
</ATTR_CIT>
<CIT dirty="0" state="2">
<citcont agentname="RA_WEBSERVICE_3" jobtype="WEBSERVICE" text="REST Web Service">
<cit cittype="2" icon="" id="" subtype="REST" text="REST Web Service">
<component con="0" enc="0" type="2" value="" xmlName="connectTimeout"/>
<component con="0" enc="0" type="2" value="" xmlName="curl"/>
<component con="0" enc="0" type="2" value="Authorization" xmlName="header_0_0"/>
<component con="0" enc="0" type="2" value="OAuth &amp;access_token#" xmlName="header_0_1"/>
<component con="0" enc="0" type="2" value="false" xmlName="isCurl"/>
<component con="0" enc="0" type="2" value="true" xmlName="jobHeaders"/>
<component con="0" enc="0" type="2" value="false" xmlName="jobQuery"/>
<component con="0" enc="0" type="2" value="application/json" xmlName="mediaType"/>
<component con="0" enc="0" type="2" value="POST" xmlName="method"/>
<component con="0" enc="0" type="2" value="false" xmlName="multiPart"/>
<component con="0" enc="0" type="2" value="false" xmlName="multiPartResp"/>
<component con="0" enc="0" type="2" value="_HttpMethod" xmlName="query_0_0"/>
<component con="0" enc="0" type="2" value="PATCH" xmlName="query_0_1"/>
<component con="0" enc="0" type="2" value="" xmlName="request_part_0_file"/>
<component con="0" enc="0" type="2" value="application/json" xmlName="request_part_0_mediaType"/>
<component con="0" enc="0" type="2" value="text" xmlName="request_part_0_requestDataSource"/>
<component con="0" enc="0" type="2" value="A{" xmlName="request_part_0_requestTab_data_1"/>
<component con="0" enc="0" type="2" value="A&quot;Title&quot;:&quot;Da Boss&quot;" xmlName="request_part_0_requestTab_data_2"/>
<component con="0" enc="0" type="2" value="A}" xmlName="request_part_0_requestTab_data_3"/>
<component con="0" enc="0" type="2" value="true" xmlName="requestReports"/>
<component con="0" enc="0" type="2" value="/sobjects/Contact/&amp;id#" xmlName="resource"/>
<component con="0" enc="0" type="2" value="" xmlName="response_part_0_file"/>
<component con="0" enc="0" type="2" value="true" xmlName="responseReport"/>
<component con="0" enc="0" type="2" value="" xmlName="responseTimeout"/>
<component con="0" enc="0" type="2" value="true" xmlName="responseToJobLog"/>
<component con="1" enc="0" type="2" value="CONN.WS.SFDC_CONTACTS.TEMPLATE" xmlName="restConnection"/>
<component con="0" enc="0" type="2" value="" xmlName="showGeneralJobPanel"/>
<component con="0" enc="0" type="2" value="false" xmlName="tracePerformance"/>
<component con="0" enc="0" type="2" value="" xmlName="uriOverride"/>
</cit>
<cit cittype="3" icon="" id="" subtype="GENERALJOBPANELDEF" text="General Job Panel"/>
</citcont>
</CIT>
<RUNTIME state="1">
<MaxRetCode>0</MaxRetCode>
<MrcExecute/>
<MrcElseE>0</MrcElseE>
<FcstStatus>0| </FcstStatus>
<Ert>1</Ert>
<ErtMethodDef>1</ErtMethodDef>
<ErtMethodFix>0</ErtMethodFix>
<ErtFix>0</ErtFix>
<ErtDynMethod>2|Average</ErtDynMethod>
<ErtMethodDyn>0</ErtMethodDyn>
<ErtCnt>0</ErtCnt>
<ErtCorr>0</ErtCorr>
<ErtIgn>0</ErtIgn>
<ErtIgnFlg>0</ErtIgnFlg>
<ErtMinCnt>0</ErtMinCnt>
<MrtMethodNone>1</MrtMethodNone>
<MrtMethodFix>0</MrtMethodFix>
<MrtFix>0</MrtFix>
<MrtMethodErt>0</MrtMethodErt>
<MrtErt>0</MrtErt>
<MrtMethodDate>0</MrtMethodDate>
<MrtDays>0</MrtDays>
<MrtTime>00:00</MrtTime>
<MrtTZ/>
<SrtMethodNone>1</SrtMethodNone>
<SrtMethodFix>0</SrtMethodFix>
<SrtFix>0</SrtFix>
<SrtMethodErt>0</SrtMethodErt>
<SrtErt>0</SrtErt>
<MrtCancel>0</MrtCancel>
<MrtExecute>0</MrtExecute>
<MrtExecuteObj/>
</RUNTIME>
<DYNVALUES state="1">
<dyntree>
<node content="1" id="VALUE" name="Variables" parent="" type="VALUE">
<VALUE state="1">
<Values>
<row Name="&amp;ID#" Value="003i000001jd29v"/>
</Values>
<Mode>0</Mode>
</VALUE>
</node>
</dyntree>
</DYNVALUES>
<ROLLBACK state="1" tidy="1">
<RollbackFlag>0</RollbackFlag>
<CBackupObj/>
<CRollbackObj/>
<FBackupPath/>
<FDeleteBefore>0</FDeleteBefore>
<FInclSubDirs>0</FInclSubDirs>
</ROLLBACK>
<PRE_SCRIPT mode="1" replacementmode="1" state="1" tidy="0">
<PSCRI><![CDATA[:pset &access_token#=get_var(SFDC_TOKEN, "access_token", 1)

:p &access_token#
]]></PSCRI>
</PRE_SCRIPT>
<SCRIPT mode="1" state="1" tidy="1">
<MSCRI/>
</SCRIPT>
<OUTPUTSCAN state="1">
<Inherit>N</Inherit>
<filterobjects/>
<HostFsc/>
<LoginFsc/>
</OUTPUTSCAN>
<POST_SCRIPT mode="1" replacementmode="1" state="1" tidy="1">
<OSCRI/>
</POST_SCRIPT>
<DOCU_Docu state="1" type="text">
<DOC/>
</DOCU_Docu>
<DOCU_Details- state="1" type="xml">
<DOC/>
</DOCU_Details->
</JOBS_CIT>
<JOBS_CIT AttrType="CIT" client="0100" name="JOBS.WS.REST.SFDC_TOKEN" system="AUTOMIC">
<XHEADER state="1">
<Title>Get SFDC Access_Token</Title>
<Created>jenn pm on: 2015-01-13 13:57:02</Created>
<Modified>jenn pm on: 2015-05-16 12:03:17      12 x</Modified>
<LastUsed/>
<ArchiveKey1/>
<ArchiveKey2/>
<ExtRepDef>1</ExtRepDef>
<ExtRepAll>0</ExtRepAll>
<ExtRepNone>0</ExtRepNone>
<Active>1</Active>
<OH_SubType/>
</XHEADER>
<OUTPUTREG state="1" tidy="1">
<FileReg/>
</OUTPUTREG>
<SYNCREF state="1">
<Syncs/>
</SYNCREF>
<ATTR_JOBS state="1">
<Queue>CLIENT_QUEUE</Queue>
<StartType/>
<HostDst>CIT|RA_WEBSERVICE_3|HOST</HostDst>
<HostATTR_Type>CIT</HostATTR_Type>
<CodeName/>
<Login/>
<IntAccount/>
<AutoDeactNo>0</AutoDeactNo>
<AutoDeact1ErrorFree>0</AutoDeact1ErrorFree>
<AutoDeactErrorFree>0</AutoDeactErrorFree>
<DeactWhen/>
<DeactDelay>0</DeactDelay>
<AutoDeactAlways>1</AutoDeactAlways>
<AttDialog>0</AttDialog>
<ActAtRun>0</ActAtRun>
<Consumption>0</Consumption>
<UC4Priority>0</UC4Priority>
<MaxParallel2>0</MaxParallel2>
<MpElse1>0</MpElse1>
<MpElse2>0</MpElse2>
<TZ/>
</ATTR_JOBS>
<ATTR_CIT state="1">
<OutputDb>1</OutputDb>
<OutputDbErr>0</OutputDbErr>
<OutputFile>0</OutputFile>
<OptReportPLOG>1</OptReportPLOG>
<RequTaskParams>0</RequTaskParams>
</ATTR_CIT>
<CIT dirty="0" state="2">
<citcont agentname="RA_WEBSERVICE_3" jobtype="WEBSERVICE" text="REST Web Service">
<cit cittype="2" icon="" id="" subtype="REST" text="REST Web Service">
<component con="0" enc="0" type="2" value="" xmlName="connectTimeout"/>
<component con="0" enc="0" type="2" value="" xmlName="curl"/>
<component con="0" enc="0" type="2" value="false" xmlName="isCurl"/>
<component con="0" enc="0" type="2" value="false" xmlName="jobHeaders"/>
<component con="0" enc="0" type="2" value="false" xmlName="jobQuery"/>
<component con="0" enc="0" type="2" value="application/x-www-form-urlencoded" xmlName="mediaType"/>
<component con="0" enc="0" type="2" value="POST" xmlName="method"/>
<component con="0" enc="0" type="2" value="false" xmlName="multiPart"/>
<component con="0" enc="0" type="2" value="false" xmlName="multiPartResp"/>
<component con="0" enc="0" type="2" value="grant_type" xmlName="query_0_0"/>
<component con="0" enc="0" type="2" value="password" xmlName="query_0_1"/>
<component con="0" enc="0" type="2" value="client_id" xmlName="query_1_0"/>
<component con="0" enc="0" type="2" value="&lt;client id from app&gt;" xmlName="query_1_1"/>
<component con="0" enc="0" type="2" value="client_secret" xmlName="query_2_0"/>
<component con="0" enc="0" type="2" value="&lt;client secret&gt;" xmlName="query_2_1"/>
<component con="0" enc="0" type="2" value="username" xmlName="query_3_0"/>
<component con="0" enc="0" type="2" value="&lt;SFDC User name&gt;" xmlName="query_3_1"/>
<component con="0" enc="0" type="2" value="password" xmlName="query_4_0"/>
<component con="0" enc="0" type="2" value="&lt;SFDC password+User Token&gt;" xmlName="query_4_1"/>
<component con="0" enc="0" type="2" value="application/x-www-form-urlencoded" xmlName="request_part_0_mediaType"/>
<component con="0" enc="0" type="2" value="true" xmlName="requestReports"/>
<component con="0" enc="0" type="2" value="" xmlName="resource"/>
<component con="0" enc="0" type="2" value="" xmlName="response_part_0_file"/>
<component con="0" enc="0" type="2" value="$.access_token" xmlName="response_part_0_script_0_code_0"/>
<component con="0" enc="0" type="2" value="JSONPath" xmlName="response_part_0_script_0_queryType"/>
<component con="0" enc="0" type="2" value="id#" xmlName="response_part_0_script_0_resourceName"/>
<component con="0" enc="0" type="2" value="variable" xmlName="response_part_0_script_0_saveTo"/>
<component con="0" enc="0" type="2" value="false" xmlName="response_part_0_script_0_useArray"/>
<component con="0" enc="0" type="2" value="$.issued_at" xmlName="response_part_0_script_1_code_0"/>
<component con="0" enc="0" type="2" value="JSONPath" xmlName="response_part_0_script_1_queryType"/>
<component con="0" enc="0" type="2" value="issued#" xmlName="response_part_0_script_1_resourceName"/>
<component con="0" enc="0" type="2" value="variable" xmlName="response_part_0_script_1_saveTo"/>
<component con="0" enc="0" type="2" value="false" xmlName="response_part_0_script_1_useArray"/>
<component con="0" enc="0" type="2" value="true" xmlName="responseReport"/>
<component con="0" enc="0" type="2" value="" xmlName="responseTimeout"/>
<component con="0" enc="0" type="2" value="true" xmlName="responseToJobLog"/>
<component con="1" enc="0" type="2" value="CONN.WS.SFDC_TOKEN.TEMPLATE" xmlName="restConnection"/>
<component con="0" enc="0" type="2" value="" xmlName="showGeneralJobPanel"/>
<component con="0" enc="0" type="2" value="false" xmlName="tracePerformance"/>
<component con="0" enc="0" type="2" value="" xmlName="uriOverride"/>
</cit>
<cit cittype="3" icon="" id="" subtype="GENERALJOBPANELDEF" text="General Job Panel"/>
</citcont>
</CIT>
<RUNTIME state="1">
<MaxRetCode>0</MaxRetCode>
<MrcExecute/>
<MrcElseE>0</MrcElseE>
<FcstStatus>0| </FcstStatus>
<Ert>1</Ert>
<ErtMethodDef>1</ErtMethodDef>
<ErtMethodFix>0</ErtMethodFix>
<ErtFix>0</ErtFix>
<ErtDynMethod>2|Average</ErtDynMethod>
<ErtMethodDyn>0</ErtMethodDyn>
<ErtCnt>0</ErtCnt>
<ErtCorr>0</ErtCorr>
<ErtIgn>0</ErtIgn>
<ErtIgnFlg>0</ErtIgnFlg>
<ErtMinCnt>0</ErtMinCnt>
<MrtMethodNone>1</MrtMethodNone>
<MrtMethodFix>0</MrtMethodFix>
<MrtFix>0</MrtFix>
<MrtMethodErt>0</MrtMethodErt>
<MrtErt>0</MrtErt>
<MrtMethodDate>0</MrtMethodDate>
<MrtDays>0</MrtDays>
<MrtTime>00:00</MrtTime>
<MrtTZ/>
<SrtMethodNone>1</SrtMethodNone>
<SrtMethodFix>0</SrtMethodFix>
<SrtFix>0</SrtFix>
<SrtMethodErt>0</SrtMethodErt>
<SrtErt>0</SrtErt>
<MrtCancel>0</MrtCancel>
<MrtExecute>0</MrtExecute>
<MrtExecuteObj/>
</RUNTIME>
<DYNVALUES state="1">
<dyntree>
<node content="1" id="VALUE" name="Variables" parent="" type="VALUE">
<VALUE state="1">
<Values/>
<Mode>0</Mode>
</VALUE>
</node>
</dyntree>
</DYNVALUES>
<ROLLBACK state="1" tidy="1">
<RollbackFlag>0</RollbackFlag>
<CBackupObj/>
<CRollbackObj/>
<FBackupPath/>
<FDeleteBefore>0</FDeleteBefore>
<FInclSubDirs>0</FInclSubDirs>
</ROLLBACK>
<PRE_SCRIPT mode="1" replacementmode="1" state="1" tidy="1">
<PSCRI/>
</PRE_SCRIPT>
<SCRIPT mode="1" state="1" tidy="1">
<MSCRI/>
</SCRIPT>
<OUTPUTSCAN state="1">
<Inherit>N</Inherit>
<filterobjects/>
<HostFsc/>
<LoginFsc/>
</OUTPUTSCAN>
<POST_SCRIPT mode="1" replacementmode="1" state="1" tidy="0">
<OSCRI><![CDATA[:put_var SFDC_TOKEN, "access_token", &ID#, &issued#
]]></OSCRI>
</POST_SCRIPT>
<DOCU_Docu state="1" type="text">
<DOC/>
</DOCU_Docu>
<DOCU_Details- state="1" type="xml">
<DOC/>
</DOCU_Details->
</JOBS_CIT>
<VARA OVD_VRName="FREI" client="0100" data_type="STATIC" name="SFDC_TOKEN" replacementmode="2" system="AUTOMIC">
<HEADER state="1">
<Title/>
<Created>jenn pm on: 2015-05-16 11:58:50</Created>
<Modified>jenn pm on: 2015-05-16 12:02:29      2 x</Modified>
<LastUsed/>
<ArchiveKey1/>
<ArchiveKey2/>
<OH_SubType>STATIC</OH_SubType>
</HEADER>
<ATTR_VARA state="1">
<Type>C|Text</Type>
<lblSource>Static</lblSource>
<source>STATIC</source>
<VRName>FREI|Freely selected</VRName>
<NotFoundErr>0</NotFoundErr>
<NotFoundDef>1</NotFoundDef>
<ShareN>0</ShareN>
<ShareL>0</ShareL>
<ShareR>0</ShareR>
<MaxValue_C>1024</MaxValue_C>
<CheckMax_C>0</CheckMax_C>
<uppercase>0</uppercase>
<sortColumn>0</sortColumn>
<sortDirection>0</sortDirection>
</ATTR_VARA>
<VARA state="1">
<Variables/>
</VARA>
<DOCU_Docu state="1" type="text">
<DOC/>
</DOCU_Docu>
</VARA>
</uc-export>
